ROUTE ID, SURVEYOR, QUANTITY (in M), FRESHNESS MONTH, VARIANT DESCRIPTION 
"10617","VIVEK (VMC)",,"NOV","Classic RT"
"10617","VIVEK (VMC)",,"NOV","Classic Double Burst"
"10617","VIVEK (VMC)",,"NOV","Uni Klov Sleeks"
"10617","VIVEK (VMC)",,"NOV","AC L.I.T."
"10617","VIVEK (VMC)",,"NOV","Classic Clove"
"10617","VIVEK (VMC)",,"NOV","GFK Social Red"
"10617","VIVEK (VMC)",,"NOV","GF Spl Mint"
"10617","VIVEK (VMC)",,"NOV","GFP Blue Mint Switch"
"10617","VIVEK (VMC)",,"NOV","Players Mint"
"10617","VIVEK (VMC)",,"NOV","GFK SOCIAL 2POD"
"10617","VIVEK (VMC)",,"NOV","AC NY COOL SLK"
"10617","VIVEK (VMC)",,"NOV","Bristol Spl"
"10617","VIVEK (VMC)",,"NOV","Classic Ice Burst"
"10617","VIVEK (VMC)",,"NOV","GF Neo Smart"
"10617","VIVEK (VMC)",,"NOV","GFK Red"
"10617","VIVEK (VMC)",,"NOV","GFP"
"10617","VIVEK (VMC)",,"NOV","GFP Blue"
"10617","VIVEK (VMC)",,"NOV","Classic BT"
"10617","VIVEK (VMC)",,"NOV","GFP Mint Switch"
"10617","VIVEK (VMC)",,"NOV","NC Deluxe"
"10617","VIVEK (VMC)",,"NOV","GFK Twin Pod"
"10617","VIVEK (VMC)",,"NOV","B&H Gold Blue"
"10617","VIVEK (VMC)",,"NOV","Classic RefT"
"10617","VIVEK (VMC)",,"NOV","GF XPOD"
"10617","VIVEK (VMC)",,"NOV","Classic Connect"
"10617","VIVEK (VMC)",,"NOV","GF Indie Mint"
"10617","VIVEK (VMC)",,"NOV","GFK Mix Pod"
"10617","VIVEK (VMC)",,"NOV","GFSS"
"10617","VIVEK (VMC)",,"NOV","GFK SLK"
"10617","VIVEK (VMC)",,"NOV","Capstan Spl"
"10617","VIVEK (VMC)",,"NOV","Classic Verve"
"10617","VIVEK (VMC)",,"NOV","GFK Blue"
"10617","VIVEK (VMC)",,"NOV","Classic Alphatec"
"10617","VIVEK (VMC)",,"NOV","Classic Verve BT"
"10621","RAJESH JAISWAL (VMC)",,"NOV","B&H Gold Blue"
"10621","RAJESH JAISWAL (VMC)",,"NOV","GFK SLK"
"10621","RAJESH JAISWAL (VMC)",,"NOV","Classic RT"
"10621","RAJESH JAISWAL (VMC)",,"NOV","AC L.I.T."
"10621","RAJESH JAISWAL (VMC)",,"NOV","Bristol Spl"
"10621","RAJESH JAISWAL (VMC)",,"NOV","GF XPOD"
"10621","RAJESH JAISWAL (VMC)",,"NOV","Classic Clove"
"10621","RAJESH JAISWAL (VMC)",,"NOV","GFK Social Red"
"10621","RAJESH JAISWAL (VMC)",,"NOV","Classic Connect"
"10621","RAJESH JAISWAL (VMC)",,"NOV","GF Indie Mint"
"10621","RAJESH JAISWAL (VMC)",,"NOV","GFK Red"
"10621","RAJESH JAISWAL (VMC)",,"NOV","Players Mint"
"10621","RAJESH JAISWAL (VMC)",,"NOV","Classic Verve BT"
"10621","RAJESH JAISWAL (VMC)",,"NOV","Classic RefT"
"10621","RAJESH JAISWAL (VMC)",,"NOV","GFP Mint Switch"
"10621","RAJESH JAISWAL (VMC)",,"NOV","GFP"
"10621","RAJESH JAISWAL (VMC)",,"NOV","NC Deluxe"
"10621","RAJESH JAISWAL (VMC)",,"NOV","Uni Klov Sleeks"
"10621","RAJESH JAISWAL (VMC)",,"NOV","GF Neo Smart"
"10621","RAJESH JAISWAL (VMC)",,"NOV","GFP Blue Mint Switch"
"10621","RAJESH JAISWAL (VMC)",,"NOV","Classic Alphatec"
"10621","RAJESH JAISWAL (VMC)",,"NOV","GFK SOCIAL 2POD"
"10621","RAJESH JAISWAL (VMC)",,"NOV","AC NY COOL SLK"
"10621","RAJESH JAISWAL (VMC)",,"NOV","Classic Ice Burst"
"10621","RAJESH JAISWAL (VMC)",,"NOV","GF Spl Mint"
"10621","RAJESH JAISWAL (VMC)",,"NOV","GFK Blue"
"10621","RAJESH JAISWAL (VMC)",,"NOV","GFK Mix Pod"
"10621","RAJESH JAISWAL (VMC)",,"NOV","GFP Blue"
"10621","RAJESH JAISWAL (VMC)",,"NOV","GFK Twin Pod"
"10621","RAJESH JAISWAL (VMC)",,"NOV","Capstan Spl"
"10621","RAJESH JAISWAL (VMC)",,"NOV","Classic Verve"
"10621","RAJESH JAISWAL (VMC)",,"NOV","Classic Double Burst"
"10621","RAJESH JAISWAL (VMC)",,"NOV","GFSS"
"10621","RAJESH JAISWAL (VMC)",,"NOV","Classic BT"
"10622","SANDEEP GUPTA (VMC)",,"NOV","Classic Connect"
"10622","SANDEEP GUPTA (VMC)",,"NOV","GF Spl Mint"
"10622","SANDEEP GUPTA (VMC)",,"NOV","Classic Double Burst"
"10622","SANDEEP GUPTA (VMC)",,"NOV","Classic RefT"
"10622","SANDEEP GUPTA (VMC)",,"NOV","Classic RT"
"10622","SANDEEP GUPTA (VMC)",,"NOV","GFP Blue"
"10622","SANDEEP GUPTA (VMC)",,"NOV","Uni Klov Sleeks"
"10622","SANDEEP GUPTA (VMC)",,"NOV","GFK SOCIAL 2POD"
"10622","SANDEEP GUPTA (VMC)",,"NOV","Classic Clove"
"10622","SANDEEP GUPTA (VMC)",,"NOV","Bristol Spl"
"10622","SANDEEP GUPTA (VMC)",,"NOV","Classic Verve"
"10622","SANDEEP GUPTA (VMC)",,"NOV","GFP Mint Switch"
"10622","SANDEEP GUPTA (VMC)",,"NOV","NC Deluxe"
"10622","SANDEEP GUPTA (VMC)",,"NOV","Classic Verve BT"
"10622","SANDEEP GUPTA (VMC)",,"NOV","Classic Ice Burst"
"10622","SANDEEP GUPTA (VMC)",,"NOV","GF XPOD"
"10622","SANDEEP GUPTA (VMC)",,"NOV","Classic Alphatec"
"10622","SANDEEP GUPTA (VMC)",,"NOV","AC NY COOL SLK"
"10622","SANDEEP GUPTA (VMC)",,"NOV","GF Neo Smart"
"10622","SANDEEP GUPTA (VMC)",,"NOV","GFK Blue"
"10622","SANDEEP GUPTA (VMC)",,"NOV","GFP Blue Mint Switch"
"10622","SANDEEP GUPTA (VMC)",,"NOV","GFK SLK"
"10622","SANDEEP GUPTA (VMC)",,"NOV","B&H Gold Blue"
"10622","SANDEEP GUPTA (VMC)",,"NOV","GFP"
"10622","SANDEEP GUPTA (VMC)",,"NOV","GFK Twin Pod"
"10622","SANDEEP GUPTA (VMC)",,"NOV","AC L.I.T."
"10622","SANDEEP GUPTA (VMC)",,"NOV","Capstan Spl"
"10622","SANDEEP GUPTA (VMC)",,"NOV","Classic BT"
"10622","SANDEEP GUPTA (VMC)",,"NOV","GFK Mix Pod"
"10622","SANDEEP GUPTA (VMC)",,"NOV","GFK Red"
"10622","SANDEEP GUPTA (VMC)",,"NOV","GFSS"
"10622","SANDEEP GUPTA (VMC)",,"NOV","Players Mint"
"10622","SANDEEP GUPTA (VMC)",,"NOV","GFK Social Red"
"10622","SANDEEP GUPTA (VMC)",,"NOV","GF Indie Mint"
"1455","SANJAY PATHAK",,"NOV","GFK SLK"
"1455","SANJAY PATHAK",,"NOV","GFP Blue Mint Switch"
"1455","SANJAY PATHAK",,"NOV","Capstan Spl"
"1455","SANJAY PATHAK",,"NOV","GFP Mint Switch"
"1455","SANJAY PATHAK",,"NOV","GFSS"
"1455","SANJAY PATHAK",,"NOV","AC L.I.T."
"1455","SANJAY PATHAK",,"NOV","GFK Social Red"
"1455","SANJAY PATHAK",,"NOV","GF Indie Mint"
"1455","SANJAY PATHAK",,"NOV","Players Mint"
"1455","SANJAY PATHAK",,"NOV","GF XPOD"
"1455","SANJAY PATHAK",,"NOV","GFK SOCIAL 2POD"
"1455","SANJAY PATHAK",,"NOV","AC NY COOL SLK"
"1455","SANJAY PATHAK",,"NOV","Classic BT"
"1455","SANJAY PATHAK",,"NOV","Classic Connect"
"1455","SANJAY PATHAK",,"NOV","Classic Double Burst"
"1455","SANJAY PATHAK",,"NOV","Classic Ice Burst"
"1455","SANJAY PATHAK",,"NOV","GF Spl Mint"
"1455","SANJAY PATHAK",,"NOV","GFP Blue"
"1455","SANJAY PATHAK",,"NOV","Classic RefT"
"1455","SANJAY PATHAK",,"NOV","GF Neo Smart"
"1455","SANJAY PATHAK",,"NOV","Uni Klov Sleeks"
"1455","SANJAY PATHAK",,"NOV","GFK Blue"
"1455","SANJAY PATHAK",,"NOV","GFK Mix Pod"
"1455","SANJAY PATHAK",,"NOV","GFK Twin Pod"
"1455","SANJAY PATHAK",,"NOV","Classic Alphatec"
"1455","SANJAY PATHAK",,"NOV","B&H Gold Blue"
"1455","SANJAY PATHAK",,"NOV","Bristol Spl"
"1455","SANJAY PATHAK",,"NOV","Classic Verve"
"1455","SANJAY PATHAK",,"NOV","GFK Red"
"1455","SANJAY PATHAK",,"NOV","NC Deluxe"
"1455","SANJAY PATHAK",,"NOV","Classic Verve BT"
"1455","SANJAY PATHAK",,"NOV","Classic RT"
"1455","SANJAY PATHAK",,"NOV","GFP"
"1455","SANJAY PATHAK",,"NOV","Classic Clove"
"1564","ANIL PATHAK",,"NOV","Classic Clove"
"1564","ANIL PATHAK",,"NOV","Players Mint"
"1564","ANIL PATHAK",,"NOV","GF Neo Smart"
"1564","ANIL PATHAK",,"NOV","GF Spl Mint"
"1564","ANIL PATHAK",,"NOV","GFK Blue"
"1564","ANIL PATHAK",,"NOV","GFP Mint Switch"
"1564","ANIL PATHAK",,"NOV","NC Deluxe"
"1564","ANIL PATHAK",,"NOV","GF XPOD"
"1564","ANIL PATHAK",,"NOV","AC NY COOL SLK"
"1564","ANIL PATHAK",,"NOV","Classic Ice Burst"
"1564","ANIL PATHAK",,"NOV","B&H Gold Blue"
"1564","ANIL PATHAK",,"NOV","Classic Double Burst"
"1564","ANIL PATHAK",,"NOV","Classic RefT"
"1564","ANIL PATHAK",,"NOV","GFK SLK"
"1564","ANIL PATHAK",,"NOV","Classic Alphatec"
"1564","ANIL PATHAK",,"NOV","Bristol Spl"
"1564","ANIL PATHAK",,"NOV","GFP Blue"
"1564","ANIL PATHAK",,"NOV","Capstan Spl"
"1564","ANIL PATHAK",,"NOV","GFK Mix Pod"
"1564","ANIL PATHAK",,"NOV","Classic Verve BT"
"1564","ANIL PATHAK",,"NOV","AC L.I.T."
"1564","ANIL PATHAK",,"NOV","GFSS"
"1564","ANIL PATHAK",,"NOV","Uni Klov Sleeks"
"1564","ANIL PATHAK",,"NOV","Classic BT"
"1564","ANIL PATHAK",,"NOV","Classic RT"
"1564","ANIL PATHAK",,"NOV","GF Indie Mint"
"1564","ANIL PATHAK",,"NOV","GFK Red"
"1564","ANIL PATHAK",,"NOV","GFP"
"1564","ANIL PATHAK",,"NOV","GFK Twin Pod"
"1564","ANIL PATHAK",,"NOV","GFK SOCIAL 2POD"
"1564","ANIL PATHAK",,"NOV","Classic Connect"
"1564","ANIL PATHAK",,"NOV","Classic Verve"
"1564","ANIL PATHAK",,"NOV","GFP Blue Mint Switch"
"1564","ANIL PATHAK",,"NOV","GFK Social Red"
"20415413","TOWN SWD DS",,"NOV","GFP Blue Mint Switch"
"20415413","TOWN SWD DS",,"NOV","Capstan Spl"
"20415413","TOWN SWD DS",,"NOV","GFK Social Red"
"20415413","TOWN SWD DS",,"NOV","GF Indie Mint"
"20415413","TOWN SWD DS",,"NOV","GFK Red"
"20415413","TOWN SWD DS",,"NOV","GFP Blue"
"20415413","TOWN SWD DS",,"NOV","Classic Clove"
"20415413","TOWN SWD DS",,"NOV","AC NY COOL SLK"
"20415413","TOWN SWD DS",,"NOV","Classic BT"
"20415413","TOWN SWD DS",,"NOV","GF Spl Mint"
"20415413","TOWN SWD DS",,"NOV","Players Mint"
"20415413","TOWN SWD DS",,"NOV","Classic Verve BT"
"20415413","TOWN SWD DS",,"NOV","GF XPOD"
"20415413","TOWN SWD DS",,"NOV","GFSS"
"20415413","TOWN SWD DS",,"NOV","GFK SOCIAL 2POD"
"20415413","TOWN SWD DS",,"NOV","Classic Double Burst"
"20415413","TOWN SWD DS",,"NOV","GFK Blue"
"20415413","TOWN SWD DS",,"NOV","B&H Gold Blue"
"20415413","TOWN SWD DS",,"NOV","Classic Ice Burst"
"20415413","TOWN SWD DS",,"NOV","Classic RT"
"20415413","TOWN SWD DS",,"NOV","GF Neo Smart"
"20415413","TOWN SWD DS",,"NOV","GFK SLK"
"20415413","TOWN SWD DS",,"NOV","Uni Klov Sleeks"
"20415413","TOWN SWD DS",,"NOV","Bristol Spl"
"20415413","TOWN SWD DS",,"NOV","Classic Verve"
"20415413","TOWN SWD DS",,"NOV","Classic RefT"
"20415413","TOWN SWD DS",,"NOV","GFP"
"20415413","TOWN SWD DS",,"NOV","Classic Alphatec"
"20415413","TOWN SWD DS",,"NOV","Classic Connect"
"20415413","TOWN SWD DS",,"NOV","GFK Mix Pod"
"20415413","TOWN SWD DS",,"NOV","GFP Mint Switch"
"20415413","TOWN SWD DS",,"NOV","NC Deluxe"
"20415413","TOWN SWD DS",,"NOV","GFK Twin Pod"
"20415413","TOWN SWD DS",,"NOV","AC L.I.T."
"20415503","VED PRAKASH",,"NOV","Uni Klov Sleeks"
"20415503","VED PRAKASH",,"NOV","GFK SOCIAL 2POD"
"20415503","VED PRAKASH",,"NOV","GF Neo Smart"
"20415503","VED PRAKASH",,"NOV","GFK Mix Pod"
"20415503","VED PRAKASH",,"NOV","Players Mint"
"20415503","VED PRAKASH",,"NOV","Classic Alphatec"
"20415503","VED PRAKASH",,"NOV","GFK Social Red"
"20415503","VED PRAKASH",,"NOV","Classic BT"
"20415503","VED PRAKASH",,"NOV","Classic Double Burst"
"20415503","VED PRAKASH",,"NOV","Classic RefT"
"20415503","VED PRAKASH",,"NOV","GF Spl Mint"
"20415503","VED PRAKASH",,"NOV","NC Deluxe"
"20415503","VED PRAKASH",,"NOV","Classic Clove"
"20415503","VED PRAKASH",,"NOV","AC NY COOL SLK"
"20415503","VED PRAKASH",,"NOV","B&H Gold Blue"
"20415503","VED PRAKASH",,"NOV","Classic Verve"
"20415503","VED PRAKASH",,"NOV","GFSS"
"20415503","VED PRAKASH",,"NOV","GFK Blue"
"20415503","VED PRAKASH",,"NOV","GFK SLK"
"20415503","VED PRAKASH",,"NOV","GFK Twin Pod"
"20415503","VED PRAKASH",,"NOV","Capstan Spl"
"20415503","VED PRAKASH",,"NOV","Classic Connect"
"20415503","VED PRAKASH",,"NOV","Classic RT"
"20415503","VED PRAKASH",,"NOV","GFP Blue"
"20415503","VED PRAKASH",,"NOV","GFP Blue Mint Switch"
"20415503","VED PRAKASH",,"NOV","GF XPOD"
"20415503","VED PRAKASH",,"NOV","AC L.I.T."
"20415503","VED PRAKASH",,"NOV","Classic Ice Burst"
"20415503","VED PRAKASH",,"NOV","GF Indie Mint"
"20415503","VED PRAKASH",,"NOV","GFP"
"20415503","VED PRAKASH",,"NOV","GFP Mint Switch"
"20415503","VED PRAKASH",,"NOV","Classic Verve BT"
"20415503","VED PRAKASH",,"NOV","Bristol Spl"
"20415503","VED PRAKASH",,"NOV","GFK Red"
"20415504","ZAHEER",,"NOV","Classic Clove"
"20415504","ZAHEER",,"NOV","Classic Verve"
"20415504","ZAHEER",,"NOV","Classic RefT"
"20415504","ZAHEER",,"NOV","NC Deluxe"
"20415504","ZAHEER",,"NOV","GFK Twin Pod"
"20415504","ZAHEER",,"NOV","Uni Klov Sleeks"
"20415504","ZAHEER",,"NOV","GF Indie Mint"
"20415504","ZAHEER",,"NOV","GFP Mint Switch"
"20415504","ZAHEER",,"NOV","Classic Alphatec"
"20415504","ZAHEER",,"NOV","AC NY COOL SLK"
"20415504","ZAHEER",,"NOV","B&H Gold Blue"
"20415504","ZAHEER",,"NOV","Capstan Spl"
"20415504","ZAHEER",,"NOV","Classic BT"
"20415504","ZAHEER",,"NOV","GF Spl Mint"
"20415504","ZAHEER",,"NOV","GFK Mix Pod"
"20415504","ZAHEER",,"NOV","Classic Verve BT"
"20415504","ZAHEER",,"NOV","GFP Blue"
"20415504","ZAHEER",,"NOV","Players Mint"
"20415504","ZAHEER",,"NOV","Classic Double Burst"
"20415504","ZAHEER",,"NOV","GF Neo Smart"
"20415504","ZAHEER",,"NOV","GFK Blue"
"20415504","ZAHEER",,"NOV","GFK Social Red"
"20415504","ZAHEER",,"NOV","Classic RT"
"20415504","ZAHEER",,"NOV","GF XPOD"
"20415504","ZAHEER",,"NOV","GFK SOCIAL 2POD"
"20415504","ZAHEER",,"NOV","Classic Ice Burst"
"20415504","ZAHEER",,"NOV","Classic Connect"
"20415504","ZAHEER",,"NOV","GFK Red"
"20415504","ZAHEER",,"NOV","GFP"
"20415504","ZAHEER",,"NOV","GFK SLK"
"20415504","ZAHEER",,"NOV","AC L.I.T."
"20415504","ZAHEER",,"NOV","Bristol Spl"
"20415504","ZAHEER",,"NOV","GFP Blue Mint Switch"
"20415504","ZAHEER",,"NOV","GFSS"
"20418901","IRFAN AHMED ISAQ ATTAR",,"NOV","GF Spl Mint"
"20418901","IRFAN AHMED ISAQ ATTAR",,"NOV","GFP Blue"
"20418901","IRFAN AHMED ISAQ ATTAR",,"NOV","GFK Mix Pod"
"20418901","IRFAN AHMED ISAQ ATTAR",,"NOV","B&H Gold Blue"
"20418901","IRFAN AHMED ISAQ ATTAR",,"NOV","Classic Ice Burst"
"20418901","IRFAN AHMED ISAQ ATTAR",,"NOV","Classic RefT"
"20418901","IRFAN AHMED ISAQ ATTAR",,"NOV","GF Neo Smart"
"20418901","IRFAN AHMED ISAQ ATTAR",,"NOV","GFK Blue"
"20418901","IRFAN AHMED ISAQ ATTAR",,"NOV","GFK Red"
"20418901","IRFAN AHMED ISAQ ATTAR",,"NOV","Players Mint"
"20418901","IRFAN AHMED ISAQ ATTAR",,"NOV","GF XPOD"
"20418901","IRFAN AHMED ISAQ ATTAR",,"NOV","Classic Alphatec"
"20418901","IRFAN AHMED ISAQ ATTAR",,"NOV","Classic Clove"
"20418901","IRFAN AHMED ISAQ ATTAR",,"NOV","GFK Social Red"
"20418901","IRFAN AHMED ISAQ ATTAR",,"NOV","Bristol Spl"
"20418901","IRFAN AHMED ISAQ ATTAR",,"NOV","Classic BT"
"20418901","IRFAN AHMED ISAQ ATTAR",,"NOV","GFP Mint Switch"
"20418901","IRFAN AHMED ISAQ ATTAR",,"NOV","Classic Verve BT"
"20418901","IRFAN AHMED ISAQ ATTAR",,"NOV","AC L.I.T."
"20418901","IRFAN AHMED ISAQ ATTAR",,"NOV","GFK SOCIAL 2POD"
"20418901","IRFAN AHMED ISAQ ATTAR",,"NOV","Classic Connect"
"20418901","IRFAN AHMED ISAQ ATTAR",,"NOV","NC Deluxe"
"20418901","IRFAN AHMED ISAQ ATTAR",,"NOV","GFK Twin Pod"
"20418901","IRFAN AHMED ISAQ ATTAR",,"NOV","AC NY COOL SLK"
"20418901","IRFAN AHMED ISAQ ATTAR",,"NOV","Classic Double Burst"
"20418901","IRFAN AHMED ISAQ ATTAR",,"NOV","GFP Blue Mint Switch"
"20418901","IRFAN AHMED ISAQ ATTAR",,"NOV","Capstan Spl"
"20418901","IRFAN AHMED ISAQ ATTAR",,"NOV","GFP"
"20418901","IRFAN AHMED ISAQ ATTAR",,"NOV","GFSS"
"20418901","IRFAN AHMED ISAQ ATTAR",,"NOV","GFK SLK"
"20418901","IRFAN AHMED ISAQ ATTAR",,"NOV","Classic Verve"
"20418901","IRFAN AHMED ISAQ ATTAR",,"NOV","Classic RT"
"20418901","IRFAN AHMED ISAQ ATTAR",,"NOV","GF Indie Mint"
"20418901","IRFAN AHMED ISAQ ATTAR",,"NOV","Uni Klov Sleeks"
"20421978","NAGESH(SADHURAM)",,"NOV","Classic Ice Burst"
"20421978","NAGESH(SADHURAM)",,"NOV","GF Spl Mint"
"20421978","NAGESH(SADHURAM)",,"NOV","GFK Social Red"
"20421978","NAGESH(SADHURAM)",,"NOV","Classic RefT"
"20421978","NAGESH(SADHURAM)",,"NOV","Players Mint"
"20421978","NAGESH(SADHURAM)",,"NOV","GFK SLK"
"20421978","NAGESH(SADHURAM)",,"NOV","GFK Twin Pod"
"20421978","NAGESH(SADHURAM)",,"NOV","Classic BT"
"20421978","NAGESH(SADHURAM)",,"NOV","Classic Connect"
"20421978","NAGESH(SADHURAM)",,"NOV","GFK Mix Pod"
"20421978","NAGESH(SADHURAM)",,"NOV","Uni Klov Sleeks"
"20421978","NAGESH(SADHURAM)",,"NOV","Classic Double Burst"
"20421978","NAGESH(SADHURAM)",,"NOV","Classic RT"
"20421978","NAGESH(SADHURAM)",,"NOV","GFP Blue"
"20421978","NAGESH(SADHURAM)",,"NOV","GFP Mint Switch"
"20421978","NAGESH(SADHURAM)",,"NOV","GFSS"
"20421978","NAGESH(SADHURAM)",,"NOV","Classic Verve BT"
"20421978","NAGESH(SADHURAM)",,"NOV","Classic Alphatec"
"20421978","NAGESH(SADHURAM)",,"NOV","B&H Gold Blue"
"20421978","NAGESH(SADHURAM)",,"NOV","GF Indie Mint"
"20421978","NAGESH(SADHURAM)",,"NOV","GFP"
"20421978","NAGESH(SADHURAM)",,"NOV","Classic Clove"
"20421978","NAGESH(SADHURAM)",,"NOV","GF Neo Smart"
"20421978","NAGESH(SADHURAM)",,"NOV","GFK Red"
"20421978","NAGESH(SADHURAM)",,"NOV","GF XPOD"
"20421978","NAGESH(SADHURAM)",,"NOV","AC L.I.T."
"20421978","NAGESH(SADHURAM)",,"NOV","AC NY COOL SLK"
"20421978","NAGESH(SADHURAM)",,"NOV","Capstan Spl"
"20421978","NAGESH(SADHURAM)",,"NOV","Classic Verve"
"20421978","NAGESH(SADHURAM)",,"NOV","GFK SOCIAL 2POD"
"20421978","NAGESH(SADHURAM)",,"NOV","Bristol Spl"
"20421978","NAGESH(SADHURAM)",,"NOV","GFK Blue"
"20421978","NAGESH(SADHURAM)",,"NOV","GFP Blue Mint Switch"
"20421978","NAGESH(SADHURAM)",,"NOV","NC Deluxe"
"20421979","ANIL MISHRA",,"NOV","GFP"
"20421979","ANIL MISHRA",,"NOV","Bristol Spl"
"20421979","ANIL MISHRA",,"NOV","GFSS"
"20421979","ANIL MISHRA",,"NOV","GF XPOD"
"20421979","ANIL MISHRA",,"NOV","GF Spl Mint"
"20421979","ANIL MISHRA",,"NOV","GFK Blue"
"20421979","ANIL MISHRA",,"NOV","GFP Blue"
"20421979","ANIL MISHRA",,"NOV","Classic Connect"
"20421979","ANIL MISHRA",,"NOV","Classic Double Burst"
"20421979","ANIL MISHRA",,"NOV","GFP Blue Mint Switch"
"20421979","ANIL MISHRA",,"NOV","GFK Twin Pod"
"20421979","ANIL MISHRA",,"NOV","GFK SOCIAL 2POD"
"20421979","ANIL MISHRA",,"NOV","NC Deluxe"
"20421979","ANIL MISHRA",,"NOV","GFK Red"
"20421979","ANIL MISHRA",,"NOV","Classic Alphatec"
"20421979","ANIL MISHRA",,"NOV","Uni Klov Sleeks"
"20421979","ANIL MISHRA",,"NOV","Classic Clove"
"20421979","ANIL MISHRA",,"NOV","GFK Social Red"
"20421979","ANIL MISHRA",,"NOV","GF Indie Mint"
"20421979","ANIL MISHRA",,"NOV","GF Neo Smart"
"20421979","ANIL MISHRA",,"NOV","GFK SLK"
"20421979","ANIL MISHRA",,"NOV","AC L.I.T."
"20421979","ANIL MISHRA",,"NOV","Classic RefT"
"20421979","ANIL MISHRA",,"NOV","Capstan Spl"
"20421979","ANIL MISHRA",,"NOV","Classic RT"
"20421979","ANIL MISHRA",,"NOV","Players Mint"
"20421979","ANIL MISHRA",,"NOV","Classic BT"
"20421979","ANIL MISHRA",,"NOV","Classic Verve"
"20421979","ANIL MISHRA",,"NOV","Classic Ice Burst"
"20421979","ANIL MISHRA",,"NOV","GFK Mix Pod"
"20421979","ANIL MISHRA",,"NOV","Classic Verve BT"
"20421979","ANIL MISHRA",,"NOV","AC NY COOL SLK"
"20421979","ANIL MISHRA",,"NOV","B&H Gold Blue"
"20421979","ANIL MISHRA",,"NOV","GFP Mint Switch"
"20421980","NITIN KAMBLE",,"NOV","B&H Gold Blue"
"20421980","NITIN KAMBLE",,"NOV","Classic Connect"
"20421980","NITIN KAMBLE",,"NOV","AC L.I.T."
"20421980","NITIN KAMBLE",,"NOV","Classic Clove"
"20421980","NITIN KAMBLE",,"NOV","GFK Mix Pod"
"20421980","NITIN KAMBLE",,"NOV","Players Mint"
"20421980","NITIN KAMBLE",,"NOV","Classic Verve BT"
"20421980","NITIN KAMBLE",,"NOV","GF XPOD"
"20421980","NITIN KAMBLE",,"NOV","Classic Alphatec"
"20421980","NITIN KAMBLE",,"NOV","Classic BT"
"20421980","NITIN KAMBLE",,"NOV","GFP"
"20421980","NITIN KAMBLE",,"NOV","Uni Klov Sleeks"
"20421980","NITIN KAMBLE",,"NOV","Classic Double Burst"
"20421980","NITIN KAMBLE",,"NOV","GF Spl Mint"
"20421980","NITIN KAMBLE",,"NOV","GFP Blue Mint Switch"
"20421980","NITIN KAMBLE",,"NOV","GFK Twin Pod"
"20421980","NITIN KAMBLE",,"NOV","GFK SOCIAL 2POD"
"20421980","NITIN KAMBLE",,"NOV","Classic Verve"
"20421980","NITIN KAMBLE",,"NOV","Capstan Spl"
"20421980","NITIN KAMBLE",,"NOV","Classic Ice Burst"
"20421980","NITIN KAMBLE",,"NOV","Classic RT"
"20421980","NITIN KAMBLE",,"NOV","GF Neo Smart"
"20421980","NITIN KAMBLE",,"NOV","GFK SLK"
"20421980","NITIN KAMBLE",,"NOV","AC NY COOL SLK"
"20421980","NITIN KAMBLE",,"NOV","GFK Blue"
"20421980","NITIN KAMBLE",,"NOV","GFK Red"
"20421980","NITIN KAMBLE",,"NOV","GFP Blue"
"20421980","NITIN KAMBLE",,"NOV","GFSS"
"20421980","NITIN KAMBLE",,"NOV","Bristol Spl"
"20421980","NITIN KAMBLE",,"NOV","Classic RefT"
"20421980","NITIN KAMBLE",,"NOV","GF Indie Mint"
"20421980","NITIN KAMBLE",,"NOV","GFP Mint Switch"
"20421980","NITIN KAMBLE",,"NOV","NC Deluxe"
"20421980","NITIN KAMBLE",,"NOV","GFK Social Red"
"20421981","AMIR",,"NOV","Classic Alphatec"
"20421981","AMIR",,"NOV","GF Spl Mint"
"20421981","AMIR",,"NOV","GFK Blue"
"20421981","AMIR",,"NOV","GFK Mix Pod"
"20421981","AMIR",,"NOV","GFK Red"
"20421981","AMIR",,"NOV","Classic Verve BT"
"20421981","AMIR",,"NOV","AC L.I.T."
"20421981","AMIR",,"NOV","Classic Double Burst"
"20421981","AMIR",,"NOV","NC Deluxe"
"20421981","AMIR",,"NOV","Players Mint"
"20421981","AMIR",,"NOV","Classic Clove"
"20421981","AMIR",,"NOV","B&H Gold Blue"
"20421981","AMIR",,"NOV","Capstan Spl"
"20421981","AMIR",,"NOV","GF XPOD"
"20421981","AMIR",,"NOV","GF Indie Mint"
"20421981","AMIR",,"NOV","GFP"
"20421981","AMIR",,"NOV","GFSS"
"20421981","AMIR",,"NOV","GFK Twin Pod"
"20421981","AMIR",,"NOV","Bristol Spl"
"20421981","AMIR",,"NOV","Classic BT"
"20421981","AMIR",,"NOV","Classic RT"
"20421981","AMIR",,"NOV","GFP Blue"
"20421981","AMIR",,"NOV","GFP Blue Mint Switch"
"20421981","AMIR",,"NOV","GFK SLK"
"20421981","AMIR",,"NOV","Classic Connect"
"20421981","AMIR",,"NOV","Classic Verve"
"20421981","AMIR",,"NOV","Classic Ice Burst"
"20421981","AMIR",,"NOV","GFP Mint Switch"
"20421981","AMIR",,"NOV","Uni Klov Sleeks"
"20421981","AMIR",,"NOV","AC NY COOL SLK"
"20421981","AMIR",,"NOV","GFK Social Red"
"20421981","AMIR",,"NOV","Classic RefT"
"20421981","AMIR",,"NOV","GF Neo Smart"
"20421981","AMIR",,"NOV","GFK SOCIAL 2POD"
"2059","SANJAY JHA",,"NOV","NC Deluxe"
"2059","SANJAY JHA",,"NOV","GFP Mint Switch"
"2059","SANJAY JHA",,"NOV","Capstan Spl"
"2059","SANJAY JHA",,"NOV","Classic Verve"
"2059","SANJAY JHA",,"NOV","GFP Blue Mint Switch"
"2059","SANJAY JHA",,"NOV","GFK SLK"
"2059","SANJAY JHA",,"NOV","Classic Alphatec"
"2059","SANJAY JHA",,"NOV","Classic BT"
"2059","SANJAY JHA",,"NOV","Classic RefT"
"2059","SANJAY JHA",,"NOV","GFK Blue"
"2059","SANJAY JHA",,"NOV","GFP Blue"
"2059","SANJAY JHA",,"NOV","AC L.I.T."
"2059","SANJAY JHA",,"NOV","Classic Ice Burst"
"2059","SANJAY JHA",,"NOV","Classic RT"
"2059","SANJAY JHA",,"NOV","GFK Red"
"2059","SANJAY JHA",,"NOV","GF XPOD"
"2059","SANJAY JHA",,"NOV","GFK Twin Pod"
"2059","SANJAY JHA",,"NOV","B&H Gold Blue"
"2059","SANJAY JHA",,"NOV","Classic Clove"
"2059","SANJAY JHA",,"NOV","GFK Social Red"
"2059","SANJAY JHA",,"NOV","Bristol Spl"
"2059","SANJAY JHA",,"NOV","GF Spl Mint"
"2059","SANJAY JHA",,"NOV","Players Mint"
"2059","SANJAY JHA",,"NOV","GFK SOCIAL 2POD"
"2059","SANJAY JHA",,"NOV","AC NY COOL SLK"
"2059","SANJAY JHA",,"NOV","Classic Double Burst"
"2059","SANJAY JHA",,"NOV","GF Indie Mint"
"2059","SANJAY JHA",,"NOV","GF Neo Smart"
"2059","SANJAY JHA",,"NOV","GFK Mix Pod"
"2059","SANJAY JHA",,"NOV","GFSS"
"2059","SANJAY JHA",,"NOV","Uni Klov Sleeks"
"2059","SANJAY JHA",,"NOV","Classic Connect"
"2059","SANJAY JHA",,"NOV","GFP"
"2059","SANJAY JHA",,"NOV","Classic Verve BT"
"20604","RAM",,"NOV","GFP Mint Switch"
"20604","RAM",,"NOV","GFSS"
"20604","RAM",,"NOV","Classic Clove"
"20604","RAM",,"NOV","Bristol Spl"
"20604","RAM",,"NOV","Classic Connect"
"20604","RAM",,"NOV","GF Neo Smart"
"20604","RAM",,"NOV","GFP Blue Mint Switch"
"20604","RAM",,"NOV","Classic Verve BT"
"20604","RAM",,"NOV","Classic BT"
"20604","RAM",,"NOV","Classic Ice Burst"
"20604","RAM",,"NOV","GFK Social Red"
"20604","RAM",,"NOV","Players Mint"
"20604","RAM",,"NOV","GFK SLK"
"20604","RAM",,"NOV","GF XPOD"
"20604","RAM",,"NOV","GFK SOCIAL 2POD"
"20604","RAM",,"NOV","GFK Blue"
"20604","RAM",,"NOV","GFK Mix Pod"
"20604","RAM",,"NOV","GFK Red"
"20604","RAM",,"NOV","GFP Blue"
"20604","RAM",,"NOV","NC Deluxe"
"20604","RAM",,"NOV","AC L.I.T."
"20604","RAM",,"NOV","AC NY COOL SLK"
"20604","RAM",,"NOV","Classic Double Burst"
"20604","RAM",,"NOV","B&H Gold Blue"
"20604","RAM",,"NOV","Capstan Spl"
"20604","RAM",,"NOV","GF Spl Mint"
"20604","RAM",,"NOV","GFK Twin Pod"
"20604","RAM",,"NOV","Classic Alphatec"
"20604","RAM",,"NOV","Uni Klov Sleeks"
"20604","RAM",,"NOV","Classic Verve"
"20604","RAM",,"NOV","Classic RefT"
"20604","RAM",,"NOV","Classic RT"
"20604","RAM",,"NOV","GF Indie Mint"
"20604","RAM",,"NOV","GFP"
"371","VIJAY JAISWAL",,"NOV","GFP Mint Switch"
"371","VIJAY JAISWAL",,"NOV","GFK SOCIAL 2POD"
"371","VIJAY JAISWAL",,"NOV","Uni Klov Sleeks"
"371","VIJAY JAISWAL",,"NOV","GFK Social Red"
"371","VIJAY JAISWAL",,"NOV","Classic Connect"
"371","VIJAY JAISWAL",,"NOV","Classic RT"
"371","VIJAY JAISWAL",,"NOV","GFP Blue"
"371","VIJAY JAISWAL",,"NOV","Players Mint"
"371","VIJAY JAISWAL",,"NOV","Bristol Spl"
"371","VIJAY JAISWAL",,"NOV","GFK Mix Pod"
"371","VIJAY JAISWAL",,"NOV","GFK SLK"
"371","VIJAY JAISWAL",,"NOV","GF XPOD"
"371","VIJAY JAISWAL",,"NOV","Classic BT"
"371","VIJAY JAISWAL",,"NOV","Classic Verve"
"371","VIJAY JAISWAL",,"NOV","GF Indie Mint"
"371","VIJAY JAISWAL",,"NOV","GF Spl Mint"
"371","VIJAY JAISWAL",,"NOV","GFK Red"
"371","VIJAY JAISWAL",,"NOV","Classic Clove"
"371","VIJAY JAISWAL",,"NOV","AC NY COOL SLK"
"371","VIJAY JAISWAL",,"NOV","GFK Blue"
"371","VIJAY JAISWAL",,"NOV","GFP"
"371","VIJAY JAISWAL",,"NOV","GFP Blue Mint Switch"
"371","VIJAY JAISWAL",,"NOV","GFK Twin Pod"
"371","VIJAY JAISWAL",,"NOV","Classic Alphatec"
"371","VIJAY JAISWAL",,"NOV","AC L.I.T."
"371","VIJAY JAISWAL",,"NOV","Capstan Spl"
"371","VIJAY JAISWAL",,"NOV","GF Neo Smart"
"371","VIJAY JAISWAL",,"NOV","Classic Verve BT"
"371","VIJAY JAISWAL",,"NOV","B&H Gold Blue"
"371","VIJAY JAISWAL",,"NOV","Classic Double Burst"
"371","VIJAY JAISWAL",,"NOV","Classic RefT"
"371","VIJAY JAISWAL",,"NOV","Classic Ice Burst"
"371","VIJAY JAISWAL",,"NOV","GFSS"
"371","VIJAY JAISWAL",,"NOV","NC Deluxe"
